customer_id,name,segment,plan_tier,region,channel,contract_type,signup_month,churn_month
CUST-00001,Cobalt Systems,SMB,Team,EMEA,Paid,Annual,2023-10,2025-04
CUST-00002,Driftwood Systems,SMB,Starter,NA,Paid,Monthly,2023-10,2024-01
CUST-00003,Elm Systems,SMB,Starter,EMEA,Organic,Monthly,2023-10,2025-04
CUST-00004,Foundry Systems,SMB,Team,LATAM,Organic,Monthly,2023-10,
CUST-00005,Gale Systems,SMB,Starter,NA,Organic,Annual,2023-10,2025-03
CUST-00006,Harbor Systems,SMB,Starter,LATAM,Organic,Monthly,2023-10,
CUST-00007,Ironwood Systems,SMB,Starter,EMEA,Organic,Monthly,2023-10,2024-08
CUST-00008,Juniper Systems,SMB,Starter,APAC,Paid,Monthly,2023-10,2023-11
CUST-00009,Kestrel Systems,SMB,Team,EMEA,Referral,Monthly,2023-10,
CUST-00010,Lattice Systems,SMB,Starter,EMEA,Organic,Monthly,2023-10,2024-04
CUST-00011,Meridian Systems,SMB,Starter,NA,Organic,Monthly,2023-10,2026-03
CUST-00012,Nimbus Systems,SMB,Starter,NA,Organic,Monthly,2023-10,2026-07
CUST-00013,Outrigger Systems,Enterprise,Business,NA,Paid,Annual,2023-10,
CUST-00014,Pinewell Systems,SMB,Team,EMEA,Partner,Annual,2023-10,
CUST-00015,Quarry Systems,SMB,Starter,LATAM,Organic,Annual,2023-10,2026-07
CUST-00016,Ridgeline Systems,SMB,Starter,EMEA,Paid,Monthly,2023-10,
CUST-00017,Solstice Systems,SMB,Starter,APAC,Organic,Monthly,2023-10,2024-03
CUST-00018,Timberline Systems,SMB,Starter,APAC,Referral,Monthly,2023-10,2024-11
CUST-00019,Upland Systems,SMB,Team,EMEA,Partner,Monthly,2023-10,2025-05
CUST-00020,Verve Systems,SMB,Starter,LATAM,Organic,Monthly,2023-10,2025-01
CUST-00021,Westgate Systems,SMB,Team,EMEA,Organic,Monthly,2023-10,2026-06
CUST-00022,Yarrow Systems,SMB,Starter,LATAM,Organic,Monthly,2023-10,
CUST-00023,Zephyr Systems,SMB,Starter,EMEA,Organic,Monthly,2023-10,2024-08
CUST-00024,Anchor Works,SMB,Team,NA,Referral,Monthly,2023-10,
CUST-00025,Brightline Works,SMB,Starter,NA,Paid,Annual,2023-11,2025-09
CUST-00026,Cobalt Works,SMB,Starter,NA,Organic,Monthly,2023-11,2025-02
CUST-00027,Driftwood Works,SMB,Starter,EMEA,Organic,Annual,2023-11,
CUST-00028,Elm Works,SMB,Starter,APAC,Referral,Annual,2023-11,2024-09
CUST-00029,Foundry Works,SMB,Starter,EMEA,Paid,Monthly,2023-12,
CUST-00030,Gale Works,SMB,Starter,NA,Organic,Annual,2023-12,
CUST-00031,Harbor Works,SMB,Starter,NA,Paid,Monthly,2023-12,2024-01
CUST-00032,Ironwood Works,SMB,Team,EMEA,Paid,Monthly,2023-12,2025-11
CUST-00033,Juniper Works,SMB,Starter,LATAM,Partner,Annual,2023-12,2025-04
CUST-00034,Kestrel Works,SMB,Team,APAC,Organic,Annual,2024-01,2025-04
CUST-00035,Lattice Works,SMB,Team,APAC,Organic,Monthly,2024-01,2025-04
CUST-00036,Meridian Works,SMB,Starter,APAC,Paid,Monthly,2024-01,2024-02
CUST-00037,Nimbus Works,SMB,Starter,EMEA,Paid,Monthly,2024-01,
CUST-00038,Outrigger Works,SMB,Team,LATAM,Organic,Annual,2024-01,
CUST-00039,Vantage Robotics,Enterprise,Enterprise,EMEA,Paid,Annual,2024-01,
CUST-00040,Quarry Works,SMB,Starter,EMEA,Referral,Monthly,2024-02,2025-06
CUST-00041,Ridgeline Works,SMB,Starter,NA,Paid,Annual,2024-02,
CUST-00042,Solstice Works,SMB,Team,APAC,Partner,Monthly,2024-02,2025-06
CUST-00043,Timberline Works,SMB,Team,NA,Partner,Monthly,2024-02,2024-03
CUST-00044,Upland Works,Mid-Market,Team,EMEA,Referral,Monthly,2024-02,2025-02
CUST-00045,Verve Works,SMB,Team,APAC,Referral,Monthly,2024-02,2025-12
CUST-00046,Westgate Works,SMB,Team,LATAM,Organic,Monthly,2024-02,2024-03
CUST-00047,Yarrow Works,SMB,Team,NA,Referral,Annual,2024-02,
CUST-00048,Zephyr Works,SMB,Team,LATAM,Referral,Annual,2024-03,2026-09
CUST-00049,Anchor Labs,SMB,Starter,LATAM,Paid,Monthly,2024-03,2025-05
CUST-00050,Brightline Labs,SMB,Team,NA,Referral,Annual,2024-03,2025-01
CUST-00051,Cobalt Labs,SMB,Starter,NA,Paid,Annual,2024-03,2024-08
CUST-00052,Driftwood Labs,SMB,Starter,APAC,Paid,Monthly,2024-03,2025-08
CUST-00053,Elm Labs,SMB,Team,APAC,Paid,Monthly,2024-03,2025-05
CUST-00054,Foundry Labs,SMB,Starter,APAC,Organic,Monthly,2024-03,2025-05
CUST-00055,Gale Labs,SMB,Team,APAC,Referral,Monthly,2024-03,2024-05
CUST-00056,Cedar Health,Enterprise,Enterprise,EMEA,Paid,Annual,2024-03,2024-05
CUST-00057,Ironwood Labs,SMB,Team,APAC,Organic,Monthly,2024-04,2024-06
CUST-00058,Juniper Labs,SMB,Starter,NA,Referral,Monthly,2024-04,2025-02
CUST-00059,Kestrel Labs,SMB,Starter,EMEA,Organic,Monthly,2024-04,2025-04
CUST-00060,Lattice Labs,SMB,Starter,NA,Paid,Monthly,2024-04,
CUST-00061,Meridian Labs,Mid-Market,Team,NA,Paid,Annual,2024-04,2025-04
CUST-00062,Nimbus Labs,SMB,Starter,LATAM,Organic,Annual,2024-04,
CUST-00063,Outrigger Labs,SMB,Starter,EMEA,Organic,Monthly,2024-04,2025-04
CUST-00064,Pinewell Labs,Mid-Market,Business,NA,Partner,Annual,2024-05,
CUST-00065,Quarry Labs,SMB,Team,EMEA,Organic,Monthly,2024-05,2025-04
CUST-00066,Ridgeline Labs,Mid-Market,Team,NA,Organic,Annual,2024-05,
CUST-00067,Solstice Labs,SMB,Team,NA,Organic,Monthly,2024-05,
CUST-00068,Timberline Labs,SMB,Starter,EMEA,Paid,Annual,2024-05,2024-10
CUST-00069,Upland Labs,SMB,Starter,EMEA,Organic,Monthly,2024-05,
CUST-00070,Verve Labs,SMB,Starter,EMEA,Paid,Monthly,2024-05,2025-05
CUST-00071,Fable & Co,Enterprise,Enterprise,EMEA,Paid,Annual,2024-05,
CUST-00072,Yarrow Labs,SMB,Starter,APAC,Referral,Annual,2024-06,
CUST-00073,Zephyr Labs,SMB,Team,NA,Paid,Annual,2024-06,2025-04
CUST-00074,Anchor Collective,SMB,Team,EMEA,Paid,Monthly,2024-06,
CUST-00075,Brightline Collective,SMB,Starter,NA,Paid,Monthly,2024-06,
CUST-00076,Cobalt Collective,SMB,Team,NA,Paid,Annual,2024-06,
CUST-00077,Driftwood Collective,SMB,Starter,NA,Paid,Annual,2024-06,
CUST-00078,Elm Collective,SMB,Starter,EMEA,Organic,Annual,2024-06,
CUST-00079,Foundry Collective,SMB,Starter,EMEA,Paid,Monthly,2024-06,2024-12
CUST-00080,Gale Collective,SMB,Team,APAC,Partner,Monthly,2024-06,2025-06
CUST-00081,Harbor Collective,SMB,Starter,NA,Partner,Annual,2024-07,2025-09
CUST-00082,Ironwood Collective,SMB,Team,EMEA,Organic,Monthly,2024-07,
CUST-00083,Juniper Collective,SMB,Starter,APAC,Paid,Monthly,2024-07,2025-04
CUST-00084,Kestrel Collective,SMB,Team,LATAM,Partner,Monthly,2024-07,2025-08
CUST-00085,Lattice Collective,SMB,Team,NA,Paid,Monthly,2024-07,
CUST-00086,Meridian Collective,SMB,Team,EMEA,Paid,Annual,2024-07,2024-11
CUST-00087,Nimbus Collective,SMB,Starter,EMEA,Referral,Monthly,2024-07,
CUST-00088,Outrigger Collective,SMB,Starter,LATAM,Paid,Monthly,2024-07,
CUST-00089,Pinewell Collective,SMB,Team,NA,Paid,Monthly,2024-07,2025-03
CUST-00090,Quarry Collective,SMB,Team,EMEA,Referral,Monthly,2024-07,2025-06
CUST-00091,Ridgeline Collective,SMB,Starter,LATAM,Paid,Monthly,2024-07,
CUST-00092,Solstice Collective,Enterprise,Business,LATAM,Organic,Monthly,2024-07,2026-06
CUST-00093,Timberline Collective,SMB,Team,APAC,Paid,Monthly,2024-07,2025-09
CUST-00094,Loom Systems,Enterprise,Enterprise,EMEA,Paid,Monthly,2024-07,
CUST-00095,Verve Collective,SMB,Team,APAC,Referral,Monthly,2024-08,
CUST-00096,Westgate Collective,SMB,Starter,EMEA,Organic,Monthly,2024-08,2026-03
CUST-00097,Yarrow Collective,SMB,Team,APAC,Organic,Monthly,2024-08,2025-08
CUST-00098,Zephyr Collective,Mid-Market,Team,LATAM,Paid,Monthly,2024-08,
CUST-00099,Anchor Group,SMB,Starter,LATAM,Referral,Annual,2024-08,2025-02
CUST-00100,Brightline Group,SMB,Starter,NA,Organic,Monthly,2024-08,
CUST-00101,Cobalt Group,SMB,Starter,APAC,Paid,Monthly,2024-08,2024-10
CUST-00102,Driftwood Group,SMB,Team,APAC,Paid,Annual,2024-08,
CUST-00103,Elm Group,SMB,Starter,LATAM,Partner,Monthly,2024-08,
CUST-00104,Foundry Group,SMB,Starter,LATAM,Paid,Monthly,2024-08,
CUST-00105,Gale Group,SMB,Starter,LATAM,Referral,Monthly,2024-08,2025-08
CUST-00106,Harbor Group,SMB,Team,NA,Partner,Monthly,2024-08,2026-08
CUST-00107,Ironwood Group,SMB,Team,APAC,Referral,Annual,2024-08,
CUST-00108,Juniper Group,SMB,Starter,EMEA,Organic,Annual,2024-08,
CUST-00109,Kestrel Group,SMB,Starter,EMEA,Referral,Monthly,2024-08,2025-08
CUST-00110,Lattice Group,SMB,Starter,LATAM,Paid,Monthly,2024-08,2024-11
CUST-00111,Meridian Group,SMB,Starter,APAC,Organic,Monthly,2024-08,
CUST-00112,Nimbus Group,SMB,Starter,EMEA,Organic,Monthly,2024-09,
CUST-00113,Outrigger Group,SMB,Starter,NA,Organic,Monthly,2024-09,2025-08
CUST-00114,Pinewell Group,SMB,Starter,EMEA,Referral,Monthly,2024-09,
CUST-00115,Quarry Group,SMB,Team,EMEA,Referral,Annual,2024-09,2024-12
CUST-00116,Ridgeline Group,SMB,Team,NA,Organic,Monthly,2024-09,2024-10
CUST-00117,Solstice Group,SMB,Starter,APAC,Referral,Annual,2024-09,2025-11
CUST-00118,Timberline Group,Mid-Market,Team,NA,Paid,Annual,2024-09,
CUST-00119,Upland Group,SMB,Starter,LATAM,Paid,Monthly,2024-09,2026-01
CUST-00120,Verve Group,Enterprise,Business,NA,Partner,Annual,2024-09,
CUST-00121,Westgate Group,SMB,Starter,APAC,Organic,Annual,2024-09,2025-01
CUST-00122,Yarrow Group,SMB,Team,NA,Paid,Monthly,2024-09,
CUST-00123,Praxis Freight,Enterprise,Enterprise,NA,Partner,Annual,2024-09,2026-08
CUST-00124,Anchor Studio,SMB,Team,EMEA,Paid,Monthly,2024-10,2025-10
CUST-00125,Brightline Studio,Mid-Market,Business,APAC,Organic,Annual,2024-10,2025-09
CUST-00126,Cobalt Studio,SMB,Starter,NA,Organic,Monthly,2024-10,
CUST-00127,Driftwood Studio,SMB,Starter,NA,Paid,Monthly,2024-10,2025-05
CUST-00128,Elm Studio,SMB,Starter,APAC,Organic,Monthly,2024-10,2024-11
CUST-00129,Foundry Studio,SMB,Team,EMEA,Organic,Annual,2024-10,
CUST-00130,Gale Studio,SMB,Starter,NA,Paid,Monthly,2024-10,2025-01
CUST-00131,Harbor Studio,Mid-Market,Team,NA,Referral,Annual,2024-10,
CUST-00132,Ironwood Studio,SMB,Starter,EMEA,Partner,Monthly,2024-10,2025-04
CUST-00133,Juniper Studio,Mid-Market,Team,NA,Referral,Annual,2024-10,
CUST-00134,Kestrel Studio,SMB,Starter,NA,Organic,Monthly,2024-10,2025-06
CUST-00135,Lattice Studio,Mid-Market,Team,NA,Partner,Annual,2024-10,
CUST-00136,Meridian Studio,Mid-Market,Business,APAC,Paid,Annual,2024-10,
CUST-00137,Nimbus Studio,SMB,Team,EMEA,Referral,Monthly,2024-10,2025-04
CUST-00138,Outrigger Studio,SMB,Starter,NA,Paid,Annual,2024-10,
CUST-00139,Pinewell Studio,SMB,Starter,APAC,Partner,Monthly,2024-10,
CUST-00140,Quarry Studio,Mid-Market,Business,LATAM,Paid,Monthly,2024-10,
CUST-00141,Ridgeline Studio,SMB,Starter,NA,Paid,Monthly,2024-10,
CUST-00142,Solstice Studio,SMB,Starter,EMEA,Referral,Monthly,2024-10,
CUST-00143,Timberline Studio,Enterprise,Business,NA,Paid,Annual,2024-10,
CUST-00144,Upland Studio,SMB,Starter,APAC,Referral,Annual,2024-11,2025-04
CUST-00145,Verve Studio,SMB,Team,NA,Partner,Monthly,2024-11,
CUST-00146,Westgate Studio,Mid-Market,Team,APAC,Paid,Annual,2024-11,2026-07
CUST-00147,Yarrow Studio,SMB,Starter,EMEA,Paid,Monthly,2024-11,
CUST-00148,Zephyr Studio,SMB,Team,NA,Partner,Annual,2024-11,
CUST-00149,Anchor Partners,SMB,Team,NA,Paid,Monthly,2024-11,
CUST-00150,Brightline Partners,SMB,Starter,EMEA,Paid,Monthly,2024-11,2025-08
CUST-00151,Cobalt Partners,SMB,Team,NA,Paid,Annual,2024-11,
CUST-00152,Driftwood Partners,SMB,Starter,APAC,Paid,Monthly,2024-11,2025-05
CUST-00153,Elm Partners,SMB,Starter,EMEA,Organic,Annual,2024-11,2025-05
CUST-00154,Foundry Partners,Mid-Market,Team,NA,Referral,Monthly,2024-11,
CUST-00155,Gale Partners,Enterprise,Business,APAC,Organic,Annual,2024-11,
CUST-00156,Harbor Partners,SMB,Team,NA,Paid,Annual,2024-11,2025-12
CUST-00157,Ironwood Partners,Mid-Market,Business,APAC,Organic,Annual,2024-11,
CUST-00158,Juniper Partners,SMB,Team,EMEA,Paid,Monthly,2024-11,2025-01
CUST-00159,Kestrel Partners,SMB,Starter,APAC,Referral,Monthly,2024-11,2025-04
CUST-00160,Lattice Partners,SMB,Starter,LATAM,Paid,Monthly,2024-11,2025-05
CUST-00161,Meridian Partners,SMB,Starter,EMEA,Organic,Monthly,2024-11,2026-01
CUST-00162,Nimbus Partners,Mid-Market,Business,NA,Organic,Monthly,2024-12,
CUST-00163,Outrigger Partners,SMB,Starter,NA,Organic,Monthly,2024-12,
CUST-00164,Pinewell Partners,Mid-Market,Business,LATAM,Referral,Monthly,2024-12,2025-06
CUST-00165,Quarry Partners,SMB,Starter,NA,Paid,Monthly,2024-12,
CUST-00166,Ridgeline Partners,SMB,Team,APAC,Organic,Monthly,2024-12,
CUST-00167,Solstice Partners,SMB,Team,LATAM,Organic,Monthly,2024-12,2025-05
CUST-00168,Timberline Partners,SMB,Starter,NA,Organic,Monthly,2024-12,
CUST-00169,Upland Partners,Enterprise,Enterprise,NA,Paid,Annual,2024-12,
CUST-00170,Verve Partners,SMB,Team,APAC,Organic,Monthly,2024-12,
CUST-00171,Westgate Partners,Mid-Market,Team,APAC,Paid,Annual,2024-12,
CUST-00172,Yarrow Partners,Enterprise,Business,APAC,Referral,Annual,2024-12,
CUST-00173,Zephyr Partners,SMB,Starter,NA,Paid,Monthly,2024-12,
CUST-00174,Anchor Logistics,SMB,Starter,LATAM,Organic,Monthly,2024-12,2026-04
CUST-00175,Brightline Logistics,SMB,Starter,EMEA,Organic,Monthly,2024-12,2025-07
CUST-00176,Cobalt Logistics,SMB,Team,EMEA,Referral,Monthly,2024-12,
CUST-00177,Driftwood Logistics,SMB,Starter,APAC,Paid,Monthly,2024-12,
CUST-00178,Elm Logistics,SMB,Starter,EMEA,Paid,Monthly,2024-12,
CUST-00179,Foundry Logistics,Enterprise,Business,NA,Referral,Annual,2024-12,
CUST-00180,Gale Logistics,SMB,Team,EMEA,Organic,Monthly,2025-01,
CUST-00181,Harbor Logistics,SMB,Starter,EMEA,Organic,Monthly,2025-01,
CUST-00182,Ironwood Logistics,SMB,Starter,APAC,Referral,Monthly,2025-01,2025-05
CUST-00183,Juniper Logistics,SMB,Starter,APAC,Paid,Monthly,2025-01,
CUST-00184,Kestrel Logistics,SMB,Starter,NA,Organic,Monthly,2025-01,2026-04
CUST-00185,Lattice Logistics,SMB,Team,LATAM,Paid,Monthly,2025-01,2025-02
CUST-00186,Meridian Logistics,SMB,Starter,NA,Organic,Annual,2025-01,
CUST-00187,Nimbus Logistics,SMB,Starter,NA,Referral,Annual,2025-01,2025-05
CUST-00188,Outrigger Logistics,Mid-Market,Team,APAC,Paid,Monthly,2025-01,
CUST-00189,Pinewell Logistics,SMB,Starter,EMEA,Organic,Monthly,2025-01,2026-02
CUST-00190,Quarry Logistics,SMB,Starter,LATAM,Organic,Monthly,2025-01,
CUST-00191,Ridgeline Logistics,SMB,Team,LATAM,Paid,Monthly,2025-01,2025-06
CUST-00192,Solstice Logistics,Enterprise,Business,NA,Organic,Monthly,2025-01,
CUST-00193,Timberline Logistics,SMB,Starter,LATAM,Referral,Monthly,2025-01,2026-08
CUST-00194,Upland Logistics,SMB,Starter,EMEA,Referral,Monthly,2025-01,
CUST-00195,Verve Logistics,SMB,Starter,LATAM,Paid,Monthly,2025-01,
CUST-00196,Westgate Logistics,SMB,Starter,NA,Paid,Monthly,2025-01,
CUST-00197,Yarrow Logistics,SMB,Team,NA,Partner,Monthly,2025-01,
CUST-00198,Zephyr Logistics,Enterprise,Business,APAC,Referral,Monthly,2025-01,
CUST-00199,Anchor Health,SMB,Starter,APAC,Paid,Monthly,2025-01,
CUST-00200,Brightline Health,SMB,Starter,LATAM,Organic,Annual,2025-01,2026-09
CUST-00201,Cobalt Health,SMB,Team,EMEA,Paid,Monthly,2025-01,
CUST-00202,Driftwood Health,SMB,Starter,LATAM,Organic,Monthly,2025-01,2025-10
CUST-00203,Elm Health,SMB,Team,LATAM,Paid,Annual,2025-02,2025-06
CUST-00204,Foundry Health,SMB,Team,APAC,Paid,Monthly,2025-02,2025-11
CUST-00205,Gale Health,SMB,Starter,NA,Organic,Monthly,2025-02,
CUST-00206,Harbor Health,SMB,Starter,NA,Partner,Monthly,2025-02,
CUST-00207,Ironwood Health,Enterprise,Business,NA,Organic,Annual,2025-02,
CUST-00208,Juniper Health,Enterprise,Business,NA,Paid,Annual,2025-02,
CUST-00209,Kestrel Health,Enterprise,Business,EMEA,Paid,Annual,2025-02,2026-07
CUST-00210,Lattice Health,SMB,Starter,NA,Paid,Monthly,2025-02,
CUST-00211,Meridian Health,SMB,Starter,EMEA,Organic,Monthly,2025-02,
CUST-00212,Nimbus Health,SMB,Team,APAC,Paid,Monthly,2025-02,2025-09
CUST-00213,Outrigger Health,SMB,Team,NA,Paid,Monthly,2025-02,2025-04
CUST-00214,Pinewell Health,SMB,Starter,NA,Partner,Monthly,2025-02,
CUST-00215,Quarry Health,SMB,Team,EMEA,Organic,Monthly,2025-02,2026-07
CUST-00216,Ridgeline Health,SMB,Starter,EMEA,Referral,Monthly,2025-02,2026-09
CUST-00217,Solstice Health,SMB,Team,NA,Organic,Monthly,2025-02,
CUST-00218,Timberline Health,SMB,Starter,APAC,Referral,Monthly,2025-02,2025-05
CUST-00219,Upland Health,SMB,Team,NA,Organic,Monthly,2025-02,2025-04
CUST-00220,Verve Health,SMB,Team,NA,Paid,Monthly,2025-02,
CUST-00221,Westgate Health,Enterprise,Business,LATAM,Organic,Annual,2025-02,
CUST-00222,Yarrow Health,Mid-Market,Team,EMEA,Paid,Monthly,2025-02,
CUST-00223,Zephyr Health,SMB,Starter,NA,Partner,Monthly,2025-02,
CUST-00224,Anchor Robotics,SMB,Starter,EMEA,Organic,Monthly,2025-02,
CUST-00225,Brightline Robotics,SMB,Team,EMEA,Organic,Annual,2025-02,2025-06
CUST-00226,Cobalt Robotics,Mid-Market,Team,NA,Organic,Annual,2025-03,
CUST-00227,Driftwood Robotics,SMB,Starter,NA,Organic,Monthly,2025-03,
CUST-00228,Elm Robotics,SMB,Starter,NA,Paid,Monthly,2025-03,2025-04
CUST-00229,Foundry Robotics,SMB,Team,APAC,Paid,Monthly,2025-03,2026-08
CUST-00230,Gale Robotics,SMB,Starter,EMEA,Referral,Monthly,2025-03,2026-07
CUST-00231,Harbor Robotics,SMB,Team,NA,Partner,Monthly,2025-03,
CUST-00232,Ironwood Robotics,SMB,Starter,NA,Paid,Monthly,2025-03,2025-06
CUST-00233,Juniper Robotics,Mid-Market,Business,NA,Paid,Monthly,2025-03,
CUST-00234,Kestrel Robotics,SMB,Team,EMEA,Organic,Annual,2025-03,
CUST-00235,Lattice Robotics,Enterprise,Enterprise,NA,Paid,Annual,2025-03,
CUST-00236,Meridian Robotics,SMB,Starter,LATAM,Organic,Monthly,2025-03,
CUST-00237,Nimbus Robotics,SMB,Team,APAC,Partner,Monthly,2025-03,2025-05
CUST-00238,Outrigger Robotics,Mid-Market,Business,NA,Paid,Monthly,2025-03,2026-01
CUST-00239,Pinewell Robotics,SMB,Team,LATAM,Organic,Annual,2025-03,
CUST-00240,Quarry Robotics,SMB,Starter,LATAM,Partner,Monthly,2025-03,
CUST-00241,Ridgeline Robotics,SMB,Starter,NA,Organic,Monthly,2025-03,
CUST-00242,Solstice Robotics,SMB,Starter,LATAM,Organic,Annual,2025-03,
CUST-00243,Timberline Robotics,SMB,Starter,EMEA,Organic,Monthly,2025-03,2025-04
CUST-00244,Upland Robotics,SMB,Starter,EMEA,Partner,Monthly,2025-03,2026-08
CUST-00245,Verve Robotics,SMB,Starter,APAC,Referral,Monthly,2025-04,2026-03
CUST-00246,Westgate Robotics,SMB,Team,EMEA,Partner,Monthly,2025-04,2025-06
CUST-00247,Yarrow Robotics,Mid-Market,Team,LATAM,Paid,Monthly,2025-04,2026-06
CUST-00248,Zephyr Robotics,Mid-Market,Business,APAC,Paid,Monthly,2025-04,
CUST-00249,Anchor Freight,Mid-Market,Team,NA,Paid,Monthly,2025-04,
CUST-00250,Brightline Freight,SMB,Starter,NA,Partner,Monthly,2025-04,
CUST-00251,Cobalt Freight,Mid-Market,Team,EMEA,Paid,Monthly,2025-04,
CUST-00252,Driftwood Freight,SMB,Team,LATAM,Organic,Monthly,2025-04,2025-05
CUST-00253,Elm Freight,SMB,Starter,EMEA,Paid,Monthly,2025-04,2025-12
CUST-00254,Foundry Freight,SMB,Starter,EMEA,Referral,Monthly,2025-04,
CUST-00255,Gale Freight,SMB,Starter,APAC,Paid,Monthly,2025-04,2026-02
CUST-00256,Harbor Freight,SMB,Team,APAC,Referral,Annual,2025-04,2026-01
CUST-00257,Ironwood Freight,Enterprise,Enterprise,NA,Partner,Annual,2025-04,
CUST-00258,Juniper Freight,SMB,Starter,NA,Organic,Monthly,2025-04,2026-04
CUST-00259,Kestrel Freight,Enterprise,Enterprise,NA,Organic,Annual,2025-04,
CUST-00260,Lattice Freight,SMB,Starter,NA,Referral,Monthly,2025-04,2026-03
CUST-00261,Meridian Freight,Mid-Market,Business,APAC,Paid,Monthly,2025-04,2025-11
CUST-00262,Nimbus Freight,SMB,Team,APAC,Referral,Monthly,2025-04,
CUST-00263,Outrigger Freight,SMB,Team,LATAM,Paid,Monthly,2025-04,2025-08
CUST-00264,Pinewell Freight,SMB,Team,APAC,Referral,Annual,2025-05,
CUST-00265,Quarry Freight,SMB,Team,EMEA,Referral,Monthly,2025-05,
CUST-00266,Ridgeline Freight,SMB,Starter,EMEA,Organic,Annual,2025-05,
CUST-00267,Solstice Freight,SMB,Team,LATAM,Organic,Monthly,2025-05,
CUST-00268,Timberline Freight,SMB,Team,APAC,Organic,Monthly,2025-05,2026-07
CUST-00269,Upland Freight,SMB,Starter,LATAM,Paid,Monthly,2025-05,2025-12
CUST-00270,Verve Freight,Mid-Market,Business,APAC,Paid,Monthly,2025-05,
CUST-00271,Westgate Freight,SMB,Starter,EMEA,Paid,Monthly,2025-05,
CUST-00272,Yarrow Freight,SMB,Team,LATAM,Referral,Monthly,2025-05,
CUST-00273,Zephyr Freight,Enterprise,Enterprise,NA,Organic,Annual,2025-05,2026-03
CUST-00274,Anchor Analytics,SMB,Starter,APAC,Referral,Annual,2025-05,
CUST-00275,Brightline Analytics,SMB,Starter,NA,Partner,Monthly,2025-05,
CUST-00276,Cobalt Analytics,SMB,Team,NA,Paid,Monthly,2025-05,
CUST-00277,Driftwood Analytics,SMB,Team,EMEA,Referral,Monthly,2025-05,
CUST-00278,Elm Analytics,SMB,Starter,NA,Organic,Monthly,2025-05,
CUST-00279,Foundry Analytics,SMB,Starter,NA,Referral,Monthly,2025-05,
CUST-00280,Gale Analytics,SMB,Starter,EMEA,Partner,Monthly,2025-05,
CUST-00281,Harbor Analytics,SMB,Team,NA,Paid,Monthly,2025-05,2026-07
CUST-00282,Ironwood Analytics,SMB,Starter,EMEA,Paid,Monthly,2025-05,2025-06
CUST-00283,Juniper Analytics,SMB,Starter,EMEA,Referral,Monthly,2025-05,2026-08
CUST-00284,Kestrel Analytics,SMB,Team,LATAM,Organic,Monthly,2025-05,
CUST-00285,Lattice Analytics,SMB,Starter,APAC,Paid,Monthly,2025-05,
CUST-00286,Meridian Analytics,Enterprise,Enterprise,LATAM,Organic,Monthly,2025-05,
CUST-00287,Nimbus Analytics,Mid-Market,Business,EMEA,Referral,Annual,2025-05,2025-11
CUST-00288,Outrigger Analytics,Enterprise,Business,LATAM,Referral,Annual,2025-05,
CUST-00289,Pinewell Analytics,SMB,Starter,NA,Paid,Annual,2025-05,2026-02
CUST-00290,Quarry Analytics,SMB,Team,NA,Paid,Annual,2025-05,2026-09
CUST-00291,Ridgeline Analytics,SMB,Starter,EMEA,Paid,Monthly,2025-05,2025-06
CUST-00292,Solstice Analytics,SMB,Team,APAC,Organic,Annual,2025-06,
CUST-00293,Timberline Analytics,SMB,Starter,LATAM,Organic,Annual,2025-06,2025-12
CUST-00294,Upland Analytics,Mid-Market,Team,EMEA,Paid,Annual,2025-06,2026-07
CUST-00295,Verve Analytics,Mid-Market,Team,NA,Organic,Annual,2025-06,2026-02
CUST-00296,Westgate Analytics,SMB,Team,NA,Referral,Monthly,2025-06,
CUST-00297,Yarrow Analytics,SMB,Team,LATAM,Organic,Monthly,2025-06,
CUST-00298,Zephyr Analytics,SMB,Team,NA,Paid,Monthly,2025-06,
CUST-00299,Anchor Ventures,SMB,Team,NA,Partner,Monthly,2025-06,
CUST-00300,Brightline Ventures,SMB,Starter,EMEA,Paid,Monthly,2025-06,
CUST-00301,Cobalt Ventures,Mid-Market,Business,NA,Paid,Monthly,2025-06,
CUST-00302,Driftwood Ventures,SMB,Starter,EMEA,Referral,Annual,2025-06,
CUST-00303,Elm Ventures,SMB,Team,EMEA,Paid,Annual,2025-06,
CUST-00304,Foundry Ventures,SMB,Starter,NA,Partner,Monthly,2025-06,
CUST-00305,Gale Ventures,SMB,Team,LATAM,Organic,Annual,2025-06,2026-07
CUST-00306,Harbor Ventures,Mid-Market,Business,EMEA,Referral,Monthly,2025-06,
CUST-00307,Ironwood Ventures,Mid-Market,Business,EMEA,Organic,Monthly,2025-06,
CUST-00308,Juniper Ventures,SMB,Team,NA,Organic,Monthly,2025-06,2025-07
CUST-00309,Kestrel Ventures,Mid-Market,Business,EMEA,Organic,Annual,2025-06,
CUST-00310,Lattice Ventures,SMB,Starter,NA,Organic,Monthly,2025-06,2026-04
CUST-00311,Meridian Ventures,SMB,Starter,NA,Paid,Monthly,2025-06,
CUST-00312,Nimbus Ventures,SMB,Starter,APAC,Organic,Monthly,2025-06,
CUST-00313,Outrigger Ventures,SMB,Team,EMEA,Partner,Annual,2025-06,
CUST-00314,Pinewell Ventures,SMB,Starter,EMEA,Organic,Monthly,2025-06,2025-12
CUST-00315,Quarry Ventures,SMB,Starter,NA,Referral,Annual,2025-06,
CUST-00316,Ridgeline Ventures,Mid-Market,Business,NA,Paid,Monthly,2025-06,
CUST-00317,Solstice Ventures,SMB,Starter,APAC,Partner,Annual,2025-06,
CUST-00318,Timberline Ventures,SMB,Team,EMEA,Organic,Annual,2025-06,2026-03
CUST-00319,Upland Ventures,SMB,Team,EMEA,Paid,Monthly,2025-06,
CUST-00320,Verve Ventures,SMB,Team,APAC,Paid,Monthly,2025-06,
CUST-00321,Westgate Ventures,SMB,Team,EMEA,Organic,Annual,2025-07,2026-09
CUST-00322,Yarrow Ventures,SMB,Team,EMEA,Referral,Monthly,2025-07,
CUST-00323,Zephyr Ventures,SMB,Starter,EMEA,Organic,Monthly,2025-07,
CUST-00324,Anchor Digital,Mid-Market,Team,NA,Paid,Annual,2025-07,2026-02
CUST-00325,Brightline Digital,SMB,Team,NA,Paid,Monthly,2025-07,2025-12
CUST-00326,Cobalt Digital,SMB,Team,EMEA,Paid,Monthly,2025-07,
CUST-00327,Driftwood Digital,Mid-Market,Business,NA,Organic,Annual,2025-07,
CUST-00328,Elm Digital,SMB,Starter,APAC,Paid,Monthly,2025-07,2025-10
CUST-00329,Foundry Digital,SMB,Starter,NA,Referral,Monthly,2025-07,
CUST-00330,Gale Digital,SMB,Starter,LATAM,Organic,Annual,2025-07,2025-12
CUST-00331,Harbor Digital,SMB,Starter,EMEA,Referral,Monthly,2025-07,
CUST-00332,Ironwood Digital,SMB,Starter,LATAM,Organic,Annual,2025-07,
CUST-00333,Juniper Digital,SMB,Starter,NA,Organic,Monthly,2025-07,2026-05
CUST-00334,Kestrel Digital,SMB,Starter,NA,Paid,Annual,2025-07,2026-09
CUST-00335,Lattice Digital,SMB,Starter,APAC,Referral,Monthly,2025-07,
CUST-00336,Meridian Digital,SMB,Starter,EMEA,Organic,Monthly,2025-07,
CUST-00337,Nimbus Digital,SMB,Starter,NA,Referral,Monthly,2025-07,
CUST-00338,Outrigger Digital,SMB,Starter,NA,Organic,Monthly,2025-07,2026-07
CUST-00339,Pinewell Digital,SMB,Starter,APAC,Paid,Annual,2025-07,
CUST-00340,Quarry Digital,Mid-Market,Team,EMEA,Paid,Annual,2025-07,
CUST-00341,Ridgeline Digital,Mid-Market,Team,LATAM,Referral,Annual,2025-07,
CUST-00342,Solstice Digital,SMB,Starter,EMEA,Organic,Monthly,2025-07,2026-03
CUST-00343,Timberline Digital,SMB,Starter,EMEA,Organic,Monthly,2025-07,
CUST-00344,Upland Digital,SMB,Starter,NA,Paid,Monthly,2025-07,
CUST-00345,Verve Digital,SMB,Team,NA,Referral,Monthly,2025-07,2025-08
CUST-00346,Westgate Digital,SMB,Team,LATAM,Referral,Monthly,2025-07,2026-03
CUST-00347,Yarrow Digital,SMB,Starter,NA,Organic,Annual,2025-07,
CUST-00348,Zephyr Digital,SMB,Team,LATAM,Organic,Annual,2025-08,
CUST-00349,Anchor Supply Co.,SMB,Starter,NA,Referral,Annual,2025-08,
CUST-00350,Brightline Supply Co.,SMB,Starter,EMEA,Paid,Monthly,2025-08,2025-10
CUST-00351,Cobalt Supply Co.,SMB,Starter,LATAM,Partner,Monthly,2025-08,
CUST-00352,Driftwood Supply Co.,SMB,Starter,EMEA,Organic,Monthly,2025-08,
CUST-00353,Elm Supply Co.,SMB,Team,EMEA,Referral,Monthly,2025-08,2025-11
CUST-00354,Foundry Supply Co.,Mid-Market,Team,EMEA,Organic,Annual,2025-08,
CUST-00355,Gale Supply Co.,SMB,Starter,APAC,Organic,Monthly,2025-08,2026-06
CUST-00356,Harbor Supply Co.,SMB,Starter,EMEA,Paid,Annual,2025-08,
CUST-00357,Ironwood Supply Co.,SMB,Starter,NA,Paid,Monthly,2025-08,
CUST-00358,Juniper Supply Co.,SMB,Team,APAC,Organic,Monthly,2025-08,
CUST-00359,Kestrel Supply Co.,SMB,Team,APAC,Organic,Monthly,2025-08,2026-06
CUST-00360,Lattice Supply Co.,SMB,Starter,EMEA,Organic,Monthly,2025-08,
CUST-00361,Meridian Supply Co.,SMB,Starter,LATAM,Organic,Annual,2025-08,2026-07
CUST-00362,Nimbus Supply Co.,SMB,Team,EMEA,Paid,Monthly,2025-08,2025-10
CUST-00363,Outrigger Supply Co.,SMB,Team,NA,Paid,Monthly,2025-08,
CUST-00364,Pinewell Supply Co.,SMB,Team,APAC,Organic,Monthly,2025-08,
CUST-00365,Quarry Supply Co.,SMB,Starter,NA,Paid,Monthly,2025-08,
CUST-00366,Ridgeline Supply Co.,Mid-Market,Team,LATAM,Organic,Monthly,2025-08,
CUST-00367,Solstice Supply Co.,SMB,Team,EMEA,Organic,Monthly,2025-08,2025-10
CUST-00368,Timberline Supply Co.,SMB,Starter,NA,Paid,Monthly,2025-08,
CUST-00369,Upland Supply Co.,Mid-Market,Business,EMEA,Paid,Annual,2025-08,
CUST-00370,Verve Supply Co.,Mid-Market,Business,LATAM,Paid,Annual,2025-08,
CUST-00371,Westgate Supply Co.,SMB,Starter,NA,Organic,Monthly,2025-08,2026-03
CUST-00372,Yarrow Supply Co.,SMB,Team,EMEA,Paid,Annual,2025-08,2025-12
CUST-00373,Zephyr Supply Co.,SMB,Starter,EMEA,Organic,Monthly,2025-08,
CUST-00374,Anchor Systems,Mid-Market,Team,APAC,Organic,Monthly,2025-08,
CUST-00375,Brightline Systems,SMB,Starter,EMEA,Paid,Monthly,2025-08,
CUST-00376,Cobalt Systems,SMB,Starter,NA,Referral,Monthly,2025-09,
CUST-00377,Driftwood Systems,Mid-Market,Business,NA,Paid,Monthly,2025-09,
CUST-00378,Elm Systems,Mid-Market,Business,EMEA,Referral,Monthly,2025-09,
CUST-00379,Foundry Systems,SMB,Starter,LATAM,Paid,Annual,2025-09,
CUST-00380,Gale Systems,SMB,Team,EMEA,Paid,Annual,2025-09,
CUST-00381,Harbor Systems,SMB,Starter,EMEA,Organic,Monthly,2025-09,
CUST-00382,Ironwood Systems,SMB,Starter,APAC,Organic,Monthly,2025-09,
CUST-00383,Juniper Systems,SMB,Starter,APAC,Referral,Monthly,2025-09,2026-03
CUST-00384,Kestrel Systems,SMB,Team,APAC,Referral,Monthly,2025-09,2025-10
CUST-00385,Lattice Systems,Mid-Market,Team,NA,Referral,Monthly,2025-09,
CUST-00386,Meridian Systems,SMB,Team,EMEA,Paid,Annual,2025-09,
CUST-00387,Nimbus Systems,SMB,Starter,LATAM,Referral,Monthly,2025-09,2026-03
CUST-00388,Outrigger Systems,SMB,Starter,NA,Organic,Annual,2025-09,
CUST-00389,Pinewell Systems,SMB,Starter,EMEA,Organic,Annual,2025-09,
CUST-00390,Quarry Systems,Mid-Market,Team,NA,Paid,Annual,2025-09,
CUST-00391,Ridgeline Systems,Mid-Market,Team,NA,Referral,Monthly,2025-09,
CUST-00392,Solstice Systems,SMB,Team,LATAM,Organic,Monthly,2025-09,2025-10
CUST-00393,Timberline Systems,Mid-Market,Team,NA,Referral,Monthly,2025-09,
CUST-00394,Upland Systems,SMB,Team,EMEA,Organic,Monthly,2025-09,
CUST-00395,Verve Systems,SMB,Starter,NA,Paid,Monthly,2025-09,2025-11
CUST-00396,Westgate Systems,Mid-Market,Business,NA,Referral,Monthly,2025-09,
CUST-00397,Yarrow Systems,SMB,Starter,EMEA,Referral,Monthly,2025-09,2026-01
CUST-00398,Zephyr Systems,SMB,Team,EMEA,Organic,Monthly,2025-09,
CUST-00399,Anchor Works,SMB,Starter,LATAM,Organic,Monthly,2025-09,
CUST-00400,Brightline Works,SMB,Team,EMEA,Organic,Monthly,2025-09,
CUST-00401,Cobalt Works,SMB,Team,EMEA,Paid,Annual,2025-09,
CUST-00402,Driftwood Works,SMB,Starter,NA,Paid,Annual,2025-09,
CUST-00403,Elm Works,SMB,Starter,APAC,Referral,Monthly,2025-09,2025-12
CUST-00404,Foundry Works,Mid-Market,Business,APAC,Organic,Annual,2025-09,
CUST-00405,Gale Works,SMB,Starter,LATAM,Paid,Monthly,2025-09,
CUST-00406,Harbor Works,Mid-Market,Team,LATAM,Organic,Annual,2025-09,
CUST-00407,Ironwood Works,SMB,Starter,APAC,Referral,Monthly,2025-09,2026-05
CUST-00408,Juniper Works,SMB,Starter,LATAM,Organic,Monthly,2025-10,
CUST-00409,Kestrel Works,Mid-Market,Team,NA,Organic,Annual,2025-10,
CUST-00410,Lattice Works,SMB,Team,NA,Organic,Monthly,2025-10,
CUST-00411,Meridian Works,SMB,Starter,LATAM,Paid,Annual,2025-10,
CUST-00412,Nimbus Works,SMB,Starter,NA,Paid,Monthly,2025-10,
CUST-00413,Outrigger Works,SMB,Starter,LATAM,Paid,Monthly,2025-10,
CUST-00414,Pinewell Works,Enterprise,Enterprise,NA,Partner,Annual,2025-10,
CUST-00415,Quarry Works,SMB,Starter,EMEA,Paid,Annual,2025-10,
CUST-00416,Ridgeline Works,SMB,Starter,EMEA,Partner,Annual,2025-10,2026-03
CUST-00417,Solstice Works,SMB,Starter,NA,Partner,Annual,2025-10,2026-05
CUST-00418,Timberline Works,SMB,Team,NA,Organic,Monthly,2025-10,
CUST-00419,Upland Works,SMB,Starter,NA,Paid,Monthly,2025-10,
CUST-00420,Verve Works,Enterprise,Enterprise,LATAM,Referral,Annual,2025-10,
CUST-00421,Westgate Works,SMB,Starter,LATAM,Paid,Annual,2025-10,2026-03
CUST-00422,Yarrow Works,SMB,Starter,NA,Organic,Monthly,2025-10,2025-11
CUST-00423,Zephyr Works,SMB,Starter,NA,Referral,Monthly,2025-10,
CUST-00424,Anchor Labs,SMB,Starter,NA,Partner,Monthly,2025-10,
CUST-00425,Brightline Labs,SMB,Team,NA,Referral,Annual,2025-10,
CUST-00426,Cobalt Labs,SMB,Starter,EMEA,Organic,Monthly,2025-10,2026-03
CUST-00427,Driftwood Labs,SMB,Starter,LATAM,Partner,Monthly,2025-10,
CUST-00428,Elm Labs,SMB,Starter,NA,Referral,Annual,2025-11,
CUST-00429,Foundry Labs,Mid-Market,Team,NA,Paid,Annual,2025-11,
CUST-00430,Gale Labs,SMB,Starter,EMEA,Organic,Annual,2025-11,2026-06
CUST-00431,Harbor Labs,Mid-Market,Team,EMEA,Paid,Annual,2025-11,
CUST-00432,Ironwood Labs,SMB,Team,APAC,Organic,Monthly,2025-11,
CUST-00433,Juniper Labs,SMB,Starter,EMEA,Referral,Annual,2025-11,
CUST-00434,Kestrel Labs,Enterprise,Business,APAC,Paid,Annual,2025-11,
CUST-00435,Lattice Labs,SMB,Team,NA,Referral,Monthly,2025-11,2026-01
CUST-00436,Meridian Labs,Mid-Market,Team,EMEA,Organic,Annual,2025-11,
CUST-00437,Nimbus Labs,SMB,Starter,NA,Organic,Monthly,2025-11,
CUST-00438,Outrigger Labs,Enterprise,Enterprise,EMEA,Paid,Monthly,2025-11,
CUST-00439,Pinewell Labs,SMB,Starter,APAC,Organic,Monthly,2025-11,
CUST-00440,Quarry Labs,SMB,Team,EMEA,Paid,Monthly,2025-11,
CUST-00441,Ridgeline Labs,SMB,Starter,LATAM,Paid,Monthly,2025-11,2026-09
CUST-00442,Solstice Labs,SMB,Team,NA,Paid,Monthly,2025-11,
CUST-00443,Timberline Labs,SMB,Team,EMEA,Referral,Monthly,2025-11,2026-02
CUST-00444,Upland Labs,SMB,Team,NA,Paid,Monthly,2025-11,2026-01
CUST-00445,Verve Labs,SMB,Team,EMEA,Paid,Monthly,2025-11,2026-06
CUST-00446,Westgate Labs,SMB,Starter,EMEA,Organic,Monthly,2025-11,
CUST-00447,Yarrow Labs,Enterprise,Business,NA,Organic,Annual,2025-12,
CUST-00448,Zephyr Labs,SMB,Starter,APAC,Paid,Monthly,2025-12,
CUST-00449,Anchor Collective,SMB,Starter,NA,Referral,Monthly,2025-12,
CUST-00450,Brightline Collective,Mid-Market,Business,EMEA,Paid,Annual,2025-12,
CUST-00451,Cobalt Collective,Mid-Market,Business,NA,Paid,Annual,2025-12,
CUST-00452,Driftwood Collective,Enterprise,Enterprise,NA,Paid,Annual,2025-12,
CUST-00453,Elm Collective,Mid-Market,Team,NA,Partner,Annual,2025-12,
CUST-00454,Foundry Collective,SMB,Starter,NA,Paid,Annual,2025-12,
CUST-00455,Gale Collective,SMB,Starter,EMEA,Paid,Monthly,2025-12,
CUST-00456,Harbor Collective,SMB,Starter,NA,Partner,Monthly,2025-12,
CUST-00457,Ironwood Collective,Enterprise,Enterprise,APAC,Paid,Annual,2025-12,2026-01
CUST-00458,Juniper Collective,Mid-Market,Team,APAC,Organic,Annual,2025-12,
CUST-00459,Kestrel Collective,Mid-Market,Team,NA,Organic,Annual,2025-12,
CUST-00460,Lattice Collective,SMB,Team,EMEA,Paid,Annual,2025-12,
CUST-00461,Meridian Collective,SMB,Starter,EMEA,Organic,Monthly,2025-12,2026-04
CUST-00462,Nimbus Collective,SMB,Starter,NA,Organic,Monthly,2025-12,2026-03
CUST-00463,Outrigger Collective,SMB,Starter,NA,Referral,Monthly,2025-12,
CUST-00464,Pinewell Collective,SMB,Starter,NA,Paid,Monthly,2025-12,
CUST-00465,Quarry Collective,Mid-Market,Business,APAC,Organic,Monthly,2025-12,
CUST-00466,Ridgeline Collective,SMB,Starter,LATAM,Paid,Monthly,2025-12,2026-04
CUST-00467,Solstice Collective,SMB,Team,NA,Paid,Annual,2026-01,2026-08
CUST-00468,Timberline Collective,SMB,Team,EMEA,Paid,Monthly,2026-01,
CUST-00469,Upland Collective,Mid-Market,Team,EMEA,Paid,Monthly,2026-01,
CUST-00470,Verve Collective,SMB,Team,EMEA,Partner,Annual,2026-01,
CUST-00471,Westgate Collective,Mid-Market,Business,EMEA,Organic,Annual,2026-01,
CUST-00472,Yarrow Collective,Mid-Market,Business,APAC,Referral,Monthly,2026-01,
CUST-00473,Zephyr Collective,Mid-Market,Team,NA,Referral,Monthly,2026-01,
CUST-00474,Anchor Group,Mid-Market,Business,LATAM,Paid,Monthly,2026-01,
CUST-00475,Brightline Group,SMB,Team,APAC,Paid,Monthly,2026-01,2026-09
CUST-00476,Cobalt Group,SMB,Team,EMEA,Referral,Monthly,2026-01,2026-07
CUST-00477,Driftwood Group,SMB,Starter,APAC,Referral,Monthly,2026-01,2026-05
CUST-00478,Elm Group,Mid-Market,Business,APAC,Organic,Monthly,2026-01,
CUST-00479,Foundry Group,Mid-Market,Team,EMEA,Referral,Monthly,2026-01,
CUST-00480,Gale Group,SMB,Team,LATAM,Paid,Monthly,2026-01,2026-04
CUST-00481,Harbor Group,SMB,Team,LATAM,Paid,Annual,2026-01,
CUST-00482,Ironwood Group,SMB,Team,NA,Referral,Monthly,2026-01,
CUST-00483,Juniper Group,SMB,Team,EMEA,Organic,Monthly,2026-01,
CUST-00484,Kestrel Group,SMB,Starter,LATAM,Organic,Annual,2026-01,
CUST-00485,Lattice Group,Mid-Market,Business,EMEA,Paid,Monthly,2026-01,
CUST-00486,Meridian Group,Enterprise,Enterprise,EMEA,Paid,Annual,2026-01,
CUST-00487,Nimbus Group,Mid-Market,Team,EMEA,Paid,Annual,2026-01,2026-09
CUST-00488,Outrigger Group,SMB,Starter,NA,Paid,Annual,2026-01,
CUST-00489,Pinewell Group,SMB,Team,APAC,Referral,Monthly,2026-01,
CUST-00490,Quarry Group,Enterprise,Business,EMEA,Paid,Annual,2026-01,
CUST-00491,Ridgeline Group,SMB,Team,APAC,Paid,Annual,2026-01,2026-07
CUST-00492,Solstice Group,Mid-Market,Business,NA,Partner,Annual,2026-01,2026-03
CUST-00493,Timberline Group,Enterprise,Enterprise,NA,Paid,Annual,2026-01,
CUST-00494,Upland Group,Mid-Market,Team,EMEA,Paid,Monthly,2026-01,
CUST-00495,Verve Group,SMB,Starter,NA,Partner,Monthly,2026-01,
CUST-00496,Westgate Group,Enterprise,Business,NA,Referral,Annual,2026-01,
CUST-00497,Yarrow Group,SMB,Team,APAC,Paid,Monthly,2026-01,2026-05
CUST-00498,Zephyr Group,Mid-Market,Business,EMEA,Paid,Monthly,2026-01,
CUST-00499,Anchor Studio,Mid-Market,Business,EMEA,Paid,Annual,2026-01,
CUST-00500,Brightline Studio,Enterprise,Enterprise,NA,Organic,Annual,2026-02,
CUST-00501,Cobalt Studio,Mid-Market,Team,NA,Paid,Annual,2026-02,
CUST-00502,Driftwood Studio,Mid-Market,Team,NA,Organic,Annual,2026-02,
CUST-00503,Elm Studio,Mid-Market,Team,EMEA,Referral,Annual,2026-02,
CUST-00504,Foundry Studio,Enterprise,Enterprise,APAC,Organic,Annual,2026-02,
CUST-00505,Gale Studio,SMB,Team,NA,Paid,Monthly,2026-02,
CUST-00506,Harbor Studio,SMB,Team,LATAM,Partner,Monthly,2026-02,
CUST-00507,Ironwood Studio,Enterprise,Business,LATAM,Referral,Annual,2026-02,
CUST-00508,Juniper Studio,SMB,Team,EMEA,Referral,Monthly,2026-02,
CUST-00509,Kestrel Studio,SMB,Starter,EMEA,Organic,Monthly,2026-02,
CUST-00510,Lattice Studio,SMB,Starter,EMEA,Paid,Monthly,2026-02,
CUST-00511,Meridian Studio,SMB,Team,NA,Paid,Annual,2026-02,2026-09
CUST-00512,Nimbus Studio,Enterprise,Business,NA,Organic,Annual,2026-02,
CUST-00513,Outrigger Studio,SMB,Starter,EMEA,Paid,Monthly,2026-02,
CUST-00514,Pinewell Studio,Mid-Market,Business,APAC,Paid,Annual,2026-02,
CUST-00515,Quarry Studio,SMB,Starter,EMEA,Referral,Monthly,2026-02,
CUST-00516,Ridgeline Studio,Mid-Market,Team,NA,Paid,Monthly,2026-02,
CUST-00517,Solstice Studio,Mid-Market,Team,NA,Paid,Annual,2026-02,
CUST-00518,Timberline Studio,SMB,Starter,EMEA,Referral,Annual,2026-02,
CUST-00519,Upland Studio,SMB,Team,APAC,Organic,Monthly,2026-02,2026-08
CUST-00520,Verve Studio,Mid-Market,Business,NA,Referral,Annual,2026-02,
CUST-00521,Westgate Studio,SMB,Team,APAC,Paid,Monthly,2026-03,
CUST-00522,Yarrow Studio,Mid-Market,Team,NA,Partner,Monthly,2026-03,
CUST-00523,Zephyr Studio,SMB,Starter,EMEA,Organic,Monthly,2026-03,
CUST-00524,Anchor Partners,SMB,Starter,LATAM,Organic,Monthly,2026-03,
CUST-00525,Brightline Partners,SMB,Team,APAC,Paid,Monthly,2026-03,
CUST-00526,Cobalt Partners,SMB,Team,EMEA,Partner,Monthly,2026-03,
CUST-00527,Driftwood Partners,Mid-Market,Team,EMEA,Organic,Monthly,2026-03,
CUST-00528,Elm Partners,SMB,Starter,EMEA,Paid,Annual,2026-03,2026-04
CUST-00529,Foundry Partners,Mid-Market,Business,NA,Paid,Annual,2026-03,
CUST-00530,Gale Partners,SMB,Team,APAC,Organic,Monthly,2026-03,
CUST-00531,Harbor Partners,SMB,Starter,EMEA,Organic,Monthly,2026-03,
CUST-00532,Ironwood Partners,SMB,Team,LATAM,Referral,Monthly,2026-03,
CUST-00533,Juniper Partners,Enterprise,Business,EMEA,Partner,Annual,2026-03,
CUST-00534,Kestrel Partners,SMB,Starter,NA,Organic,Monthly,2026-03,
CUST-00535,Lattice Partners,Mid-Market,Business,LATAM,Organic,Annual,2026-03,
CUST-00536,Meridian Partners,SMB,Starter,EMEA,Paid,Monthly,2026-03,
CUST-00537,Nimbus Partners,SMB,Team,NA,Paid,Monthly,2026-03,
CUST-00538,Outrigger Partners,SMB,Starter,LATAM,Organic,Annual,2026-03,
CUST-00539,Pinewell Partners,SMB,Team,NA,Paid,Monthly,2026-03,2026-09
CUST-00540,Quarry Partners,Enterprise,Enterprise,NA,Organic,Annual,2026-03,
CUST-00541,Ridgeline Partners,Mid-Market,Team,APAC,Paid,Annual,2026-03,
CUST-00542,Solstice Partners,SMB,Team,LATAM,Organic,Monthly,2026-03,
CUST-00543,Timberline Partners,SMB,Team,NA,Referral,Monthly,2026-03,2026-08
CUST-00544,Upland Partners,SMB,Team,EMEA,Paid,Monthly,2026-04,
CUST-00545,Verve Partners,SMB,Starter,EMEA,Organic,Monthly,2026-04,
CUST-00546,Westgate Partners,Mid-Market,Business,APAC,Organic,Monthly,2026-04,
CUST-00547,Yarrow Partners,SMB,Starter,NA,Organic,Monthly,2026-04,
CUST-00548,Zephyr Partners,SMB,Team,NA,Partner,Monthly,2026-04,
CUST-00549,Anchor Logistics,SMB,Team,APAC,Paid,Monthly,2026-04,
CUST-00550,Brightline Logistics,SMB,Starter,EMEA,Paid,Monthly,2026-04,
CUST-00551,Cobalt Logistics,SMB,Starter,EMEA,Organic,Annual,2026-04,
CUST-00552,Driftwood Logistics,Mid-Market,Business,NA,Referral,Annual,2026-04,
CUST-00553,Elm Logistics,Enterprise,Business,EMEA,Referral,Annual,2026-04,
CUST-00554,Foundry Logistics,SMB,Starter,EMEA,Paid,Monthly,2026-04,
CUST-00555,Gale Logistics,SMB,Team,NA,Organic,Monthly,2026-04,2026-07
CUST-00556,Harbor Logistics,Mid-Market,Team,EMEA,Organic,Annual,2026-04,
CUST-00557,Ironwood Logistics,Enterprise,Business,EMEA,Paid,Annual,2026-04,
CUST-00558,Juniper Logistics,Mid-Market,Business,NA,Paid,Monthly,2026-04,
CUST-00559,Kestrel Logistics,SMB,Starter,NA,Organic,Monthly,2026-04,
CUST-00560,Lattice Logistics,Mid-Market,Business,NA,Paid,Monthly,2026-04,
CUST-00561,Meridian Logistics,SMB,Team,EMEA,Organic,Annual,2026-04,
CUST-00562,Nimbus Logistics,SMB,Starter,NA,Partner,Monthly,2026-04,
CUST-00563,Outrigger Logistics,SMB,Team,EMEA,Organic,Monthly,2026-04,
CUST-00564,Pinewell Logistics,SMB,Starter,APAC,Organic,Monthly,2026-04,
CUST-00565,Quarry Logistics,SMB,Starter,LATAM,Referral,Monthly,2026-04,
CUST-00566,Ridgeline Logistics,SMB,Starter,NA,Paid,Monthly,2026-04,2026-07
CUST-00567,Solstice Logistics,SMB,Starter,APAC,Paid,Monthly,2026-04,
CUST-00568,Timberline Logistics,Mid-Market,Team,EMEA,Paid,Annual,2026-04,
CUST-00569,Upland Logistics,Mid-Market,Team,NA,Organic,Annual,2026-04,
CUST-00570,Verve Logistics,Mid-Market,Business,APAC,Organic,Annual,2026-04,
CUST-00571,Westgate Logistics,SMB,Team,LATAM,Organic,Monthly,2026-04,
CUST-00572,Yarrow Logistics,SMB,Team,APAC,Organic,Monthly,2026-04,
CUST-00573,Zephyr Logistics,SMB,Starter,EMEA,Paid,Annual,2026-04,
CUST-00574,Anchor Health,Mid-Market,Team,EMEA,Organic,Monthly,2026-04,
CUST-00575,Brightline Health,SMB,Starter,NA,Paid,Monthly,2026-04,
CUST-00576,Cobalt Health,SMB,Starter,EMEA,Referral,Monthly,2026-04,
CUST-00577,Driftwood Health,SMB,Team,APAC,Organic,Monthly,2026-04,
CUST-00578,Elm Health,Enterprise,Enterprise,NA,Referral,Annual,2026-04,
CUST-00579,Foundry Health,SMB,Starter,EMEA,Paid,Monthly,2026-04,
CUST-00580,Gale Health,Mid-Market,Business,APAC,Referral,Annual,2026-04,
CUST-00581,Harbor Health,SMB,Starter,EMEA,Organic,Monthly,2026-04,
CUST-00582,Ironwood Health,Enterprise,Business,NA,Organic,Annual,2026-04,
CUST-00583,Juniper Health,Mid-Market,Team,APAC,Referral,Annual,2026-05,
CUST-00584,Kestrel Health,SMB,Team,NA,Organic,Monthly,2026-05,
CUST-00585,Lattice Health,SMB,Starter,EMEA,Paid,Monthly,2026-05,
CUST-00586,Meridian Health,Mid-Market,Business,EMEA,Partner,Monthly,2026-05,
CUST-00587,Nimbus Health,SMB,Starter,EMEA,Paid,Monthly,2026-05,
CUST-00588,Outrigger Health,SMB,Team,APAC,Paid,Monthly,2026-05,
CUST-00589,Pinewell Health,Enterprise,Enterprise,LATAM,Organic,Annual,2026-05,
CUST-00590,Quarry Health,SMB,Team,APAC,Partner,Annual,2026-05,
CUST-00591,Ridgeline Health,SMB,Starter,EMEA,Referral,Annual,2026-05,
CUST-00592,Solstice Health,SMB,Team,LATAM,Paid,Monthly,2026-05,
CUST-00593,Timberline Health,SMB,Team,LATAM,Paid,Monthly,2026-05,
CUST-00594,Upland Health,SMB,Starter,NA,Paid,Monthly,2026-05,
CUST-00595,Verve Health,Mid-Market,Business,NA,Referral,Monthly,2026-05,
CUST-00596,Westgate Health,Mid-Market,Team,EMEA,Paid,Monthly,2026-05,
CUST-00597,Yarrow Health,SMB,Starter,NA,Organic,Monthly,2026-05,
CUST-00598,Zephyr Health,SMB,Team,NA,Partner,Monthly,2026-05,
CUST-00599,Anchor Robotics,SMB,Starter,EMEA,Paid,Monthly,2026-05,
CUST-00600,Brightline Robotics,SMB,Team,EMEA,Referral,Monthly,2026-05,
CUST-00601,Cobalt Robotics,SMB,Team,EMEA,Paid,Monthly,2026-05,
CUST-00602,Driftwood Robotics,SMB,Team,NA,Organic,Annual,2026-05,
CUST-00603,Elm Robotics,SMB,Starter,EMEA,Organic,Monthly,2026-05,
CUST-00604,Foundry Robotics,Mid-Market,Team,NA,Referral,Monthly,2026-05,2026-07
CUST-00605,Gale Robotics,Mid-Market,Business,EMEA,Partner,Monthly,2026-06,
CUST-00606,Harbor Robotics,SMB,Starter,NA,Organic,Monthly,2026-06,
CUST-00607,Ironwood Robotics,Mid-Market,Team,EMEA,Paid,Annual,2026-06,
CUST-00608,Juniper Robotics,Mid-Market,Team,APAC,Referral,Annual,2026-06,
CUST-00609,Kestrel Robotics,SMB,Team,EMEA,Referral,Monthly,2026-06,
CUST-00610,Lattice Robotics,SMB,Starter,NA,Organic,Monthly,2026-06,
CUST-00611,Meridian Robotics,Mid-Market,Team,EMEA,Paid,Annual,2026-06,
CUST-00612,Nimbus Robotics,Mid-Market,Business,EMEA,Organic,Annual,2026-06,
CUST-00613,Outrigger Robotics,SMB,Starter,NA,Partner,Annual,2026-06,
CUST-00614,Pinewell Robotics,SMB,Team,EMEA,Referral,Monthly,2026-06,
CUST-00615,Quarry Robotics,SMB,Starter,NA,Paid,Monthly,2026-06,
CUST-00616,Ridgeline Robotics,Mid-Market,Business,EMEA,Referral,Annual,2026-06,
CUST-00617,Solstice Robotics,SMB,Starter,NA,Organic,Monthly,2026-06,
CUST-00618,Timberline Robotics,SMB,Team,APAC,Paid,Monthly,2026-06,
CUST-00619,Upland Robotics,SMB,Starter,NA,Referral,Monthly,2026-06,
CUST-00620,Verve Robotics,SMB,Starter,APAC,Partner,Monthly,2026-06,
CUST-00621,Westgate Robotics,SMB,Starter,EMEA,Referral,Monthly,2026-06,
CUST-00622,Yarrow Robotics,SMB,Team,EMEA,Paid,Monthly,2026-06,
CUST-00623,Zephyr Robotics,Enterprise,Enterprise,APAC,Organic,Annual,2026-06,
CUST-00624,Anchor Freight,Mid-Market,Team,NA,Paid,Monthly,2026-06,
CUST-00625,Brightline Freight,SMB,Team,NA,Organic,Annual,2026-06,2026-09
CUST-00626,Cobalt Freight,SMB,Starter,APAC,Partner,Annual,2026-06,2026-08
CUST-00627,Driftwood Freight,Mid-Market,Business,APAC,Paid,Monthly,2026-06,
CUST-00628,Elm Freight,Mid-Market,Business,LATAM,Paid,Monthly,2026-06,
CUST-00629,Foundry Freight,Mid-Market,Team,NA,Paid,Monthly,2026-07,
CUST-00630,Gale Freight,SMB,Starter,EMEA,Organic,Monthly,2026-07,
CUST-00631,Harbor Freight,SMB,Starter,NA,Organic,Annual,2026-07,
CUST-00632,Ironwood Freight,Mid-Market,Team,EMEA,Paid,Monthly,2026-07,
CUST-00633,Juniper Freight,Enterprise,Enterprise,NA,Organic,Annual,2026-07,
CUST-00634,Kestrel Freight,Mid-Market,Business,NA,Organic,Monthly,2026-07,
CUST-00635,Lattice Freight,SMB,Team,LATAM,Paid,Monthly,2026-07,
CUST-00636,Meridian Freight,SMB,Starter,EMEA,Organic,Monthly,2026-07,
CUST-00637,Nimbus Freight,Enterprise,Business,APAC,Organic,Annual,2026-07,2026-09
CUST-00638,Outrigger Freight,Mid-Market,Team,EMEA,Referral,Monthly,2026-07,
CUST-00639,Pinewell Freight,Enterprise,Business,APAC,Organic,Annual,2026-07,2026-08
CUST-00640,Quarry Freight,Mid-Market,Team,NA,Referral,Annual,2026-07,
CUST-00641,Ridgeline Freight,SMB,Team,APAC,Partner,Monthly,2026-07,
CUST-00642,Solstice Freight,Mid-Market,Team,LATAM,Referral,Annual,2026-07,
CUST-00643,Timberline Freight,SMB,Team,NA,Referral,Annual,2026-07,
CUST-00644,Upland Freight,SMB,Starter,EMEA,Organic,Monthly,2026-07,
CUST-00645,Verve Freight,Mid-Market,Team,APAC,Partner,Monthly,2026-07,
CUST-00646,Westgate Freight,Mid-Market,Team,EMEA,Referral,Annual,2026-07,
CUST-00647,Yarrow Freight,Enterprise,Enterprise,LATAM,Referral,Annual,2026-07,
CUST-00648,Zephyr Freight,Mid-Market,Team,EMEA,Paid,Annual,2026-07,
CUST-00649,Anchor Analytics,Mid-Market,Team,EMEA,Referral,Annual,2026-07,
CUST-00650,Brightline Analytics,Mid-Market,Team,NA,Partner,Annual,2026-08,
CUST-00651,Cobalt Analytics,Mid-Market,Team,APAC,Referral,Monthly,2026-08,
CUST-00652,Driftwood Analytics,Mid-Market,Team,EMEA,Paid,Annual,2026-08,
CUST-00653,Elm Analytics,SMB,Starter,NA,Organic,Annual,2026-08,
CUST-00654,Foundry Analytics,SMB,Starter,EMEA,Paid,Annual,2026-08,
CUST-00655,Gale Analytics,SMB,Starter,NA,Organic,Monthly,2026-08,
CUST-00656,Harbor Analytics,Enterprise,Business,EMEA,Referral,Annual,2026-08,
CUST-00657,Ironwood Analytics,SMB,Starter,NA,Referral,Monthly,2026-08,
CUST-00658,Juniper Analytics,SMB,Team,NA,Organic,Monthly,2026-08,
CUST-00659,Kestrel Analytics,SMB,Team,NA,Paid,Monthly,2026-08,
CUST-00660,Lattice Analytics,Mid-Market,Team,APAC,Paid,Monthly,2026-08,
CUST-00661,Meridian Analytics,SMB,Team,NA,Paid,Monthly,2026-08,
CUST-00662,Nimbus Analytics,Mid-Market,Team,EMEA,Organic,Monthly,2026-08,
CUST-00663,Outrigger Analytics,SMB,Team,EMEA,Paid,Annual,2026-08,
CUST-00664,Pinewell Analytics,SMB,Starter,EMEA,Paid,Annual,2026-08,
CUST-00665,Quarry Analytics,SMB,Team,EMEA,Paid,Monthly,2026-08,
CUST-00666,Ridgeline Analytics,SMB,Starter,NA,Organic,Monthly,2026-08,
CUST-00667,Solstice Analytics,Enterprise,Enterprise,LATAM,Partner,Monthly,2026-08,
CUST-00668,Timberline Analytics,SMB,Team,NA,Partner,Monthly,2026-09,
CUST-00669,Upland Analytics,SMB,Starter,LATAM,Paid,Monthly,2026-09,
CUST-00670,Verve Analytics,Mid-Market,Business,APAC,Organic,Monthly,2026-09,
CUST-00671,Westgate Analytics,SMB,Team,NA,Paid,Monthly,2026-09,
CUST-00672,Yarrow Analytics,Enterprise,Business,NA,Paid,Annual,2026-09,
CUST-00673,Zephyr Analytics,Mid-Market,Team,APAC,Organic,Annual,2026-09,
CUST-00674,Anchor Ventures,Mid-Market,Business,EMEA,Paid,Monthly,2026-09,
CUST-00675,Brightline Ventures,SMB,Starter,NA,Organic,Monthly,2026-09,
CUST-00676,Cobalt Ventures,Enterprise,Enterprise,EMEA,Paid,Annual,2026-09,
CUST-00677,Driftwood Ventures,SMB,Team,NA,Organic,Monthly,2026-09,
CUST-00678,Elm Ventures,Mid-Market,Team,NA,Paid,Annual,2026-09,
CUST-00679,Foundry Ventures,SMB,Starter,NA,Paid,Monthly,2026-09,
CUST-00680,Gale Ventures,SMB,Team,NA,Organic,Annual,2026-09,
CUST-00681,Harbor Ventures,SMB,Starter,APAC,Partner,Monthly,2026-09,
CUST-00682,Ironwood Ventures,Mid-Market,Team,EMEA,Partner,Annual,2026-09,
CUST-00683,Juniper Ventures,SMB,Team,APAC,Organic,Monthly,2026-09,
CUST-00684,Kestrel Ventures,Enterprise,Business,APAC,Partner,Annual,2026-09,
CUST-00685,Lattice Ventures,SMB,Team,APAC,Organic,Monthly,2026-09,
CUST-00686,Meridian Ventures,SMB,Team,NA,Referral,Annual,2026-09,
CUST-00687,Nimbus Ventures,SMB,Starter,APAC,Partner,Monthly,2026-09,
CUST-00688,Outrigger Ventures,Enterprise,Enterprise,NA,Organic,Annual,2026-09,
CUST-00689,Pinewell Ventures,Enterprise,Enterprise,NA,Referral,Monthly,2026-09,
CUST-00690,Quarry Ventures,Mid-Market,Team,NA,Paid,Monthly,2026-09,
CUST-00691,Ridgeline Ventures,SMB,Team,EMEA,Paid,Monthly,2026-09,
CUST-00692,Solstice Ventures,Mid-Market,Team,EMEA,Paid,Monthly,2026-09,
CUST-00693,Timberline Ventures,Mid-Market,Team,EMEA,Paid,Annual,2026-09,
CUST-00694,Upland Ventures,SMB,Team,NA,Paid,Annual,2026-09,
CUST-00695,Verve Ventures,SMB,Team,NA,Organic,Monthly,2026-09,
CUST-00696,Westgate Ventures,SMB,Team,NA,Paid,Annual,2026-09,
CUST-00697,Yarrow Ventures,SMB,Team,NA,Paid,Monthly,2026-09,
CUST-00698,Zephyr Ventures,SMB,Team,LATAM,Organic,Monthly,2026-09,
CUST-00699,Anchor Digital,Mid-Market,Team,NA,Organic,Annual,2026-09,
CUST-00700,Brightline Digital,SMB,Starter,APAC,Partner,Monthly,2026-09,
CUST-00701,Cobalt Digital,SMB,Team,LATAM,Paid,Annual,2026-09,
CUST-00702,Driftwood Digital,SMB,Team,NA,Paid,Annual,2026-09,
CUST-00703,Elm Digital,SMB,Team,APAC,Paid,Monthly,2026-09,
CUST-00704,Foundry Digital,SMB,Starter,APAC,Paid,Monthly,2026-09,
